"LISTING","PRICE","SOLD 24H","VIEWS 24H","TOTAL SOLD","REVENUE","CONVERSION","SHOP SALES","AGE","SCORE","COUNTRY"
"Personalized Embroidered Teddy Bear Baby Name Hoop, Baby Name Reveal Sign Heirloom, Baby Name Wall Decor, Baby Shower Gift, Newborn Keepsake","$26.5","8","1,171","308","$8,162","1.9%","6","1 month","0.0","VN"
"Kpop Sideline Football Jersey, Bang Tan Arirang World Tour Concert Outfit For Fan, Bangtan V Suga RM J-Hope Oversized Custom Shirt","$39","13","770","205","$7,995","2.1%","19","1 month","0.0","VN"
"Personalized Teacher Jersey, Custom Name Number Baseball Jersey, First Grade Teacher Shirt, Back To School Gift, Teacher Team Game DayTee","$31","6","29","198","$6,138","5.5%","3","1 month","0.0","VN"
"Personalized Monogram Pillow Cover, Custom Embroidered Initial Pillow, Scalloped Trim Pillowcase, Baby Room Decor, Dorm Room Pillow","$28.5","10","418","211","$6,013.5","2.5%","6","1 month","0.0","VN"
"Personalized Wildflower Embroidered Baby Name Hoop, Custom Lavender Nursery Wall Decor, Floral Baby Name Sign, Baby Shower Gift,Newborn Gift","$26.5","2","196","199","$5,273.5","3.1%","6","1 month","0.0","VN"
"Personalized 1st Birthday Toddler Shirt, It&#39;s Fun To Be One Infant Shirt, Custom Birthday Boy Tee,1st Birthday Baby Outfit,One Year Old Gift","$65.68","4","182","68","$4,466.24","3.3%","11","1 month","0.0","VN"
"Personalized Wedding Flag, Custom Last Name Banner, Established Family Name Sign, Marriage Wall Art Decor, Newlywed Gift","$48.56","1","146","90","$4,370.49","2.6%","3","29 days ago","0.0","VN"
"Personalized Embroidered Woodland Baby Blanket, Custom Safari Animal Name Knit Blanket, Jungle Baby Shower Gift, Nursery Keepsake Gift","$26.5","3","139","144","$3,816","3.1%","6","1 month","0.0","VN"
"Wedding Chair Tag, Personalized Reserved Chair Sign, In Loving Memory Decor, Lace Chair Decoration, Wedding Ceremony Sign,Chair Tag","$97.22","0","0","37","$3,597.14","2.2%","11","1 month","0.0","VN"
"Personalized 10th Anniversary Gift, Custom Song Lyric Sign With Scannable Music Code, Tin Aluminum Vinyl Record Metal Sign, 25th Anniversary","$74.99","3","72","47","$3,524.53","4.3%","6","1 month","0.0","VN"
"Divide Tour 2026 Graphic T-Shirt, Vintage Americana Folk Music Tee, NK Fan Shirt, The Last Of The Bugs Graphic Tee, Comfort Colors 1717","$19.15","3","246","183","$3,504.2","4.8%","6","1 month","0.0","VN"
"Personalized Norway Soccer Jersey, Custom Name Number Football Fan Shirt, Red Norway Game Day Jersey for Men","$36.55","0","20","94","$3,435.7","4.4%","5","1 month","0.0","VN"
"Personalized Book Tavern Lamp, Custom Bookshelf Light, Book Nook Decor, BookTok Gift, Cozy Library Lamp, Book Lover Gift","$25.37","1","386","135","$3,424.95","1.6%","10","29 days ago","0.0","VN"
"Custom Tee for Kpop Idol Arirang World Tour Bangtan Jungkook V Taehyung Jimin Jin Suga RM J-Hope ARMY Fanmade Shirt Concert Outfit HNKL","$26.5","2","305","127","$3,365.5","1.1%","9","26 days ago","0.0","VN"
"Personalized Embroidered Wedding Handkerchief, Custom Initials Linen Hanky, Lily of Valley Bridal Keepsake Gift for Bride and Groom Mom Gift","$19.15","5","301","170","$3,255.27","4.4%","7","1 month","0.0","VN"
"Custom Birthday Fabric Banner, Personalized Name Flag, Reusable Birthday Party Backdrop, Fabric Birtday Sign, linen Birthday Boho banner","$30.99","8","162","105","$3,253.95","7.3%","32","1 month","0.0","VN"
"Custom Back to School Sign, First Day of School Board, Preschool Kindergarten Photo Prop, Last Day School Keepsake","$17","22","1,276","181","$3,077","1.8%","27","1 month","0.0","VN"
"Custom Teacher Baseball Jersey, Personalized Grade Level & Name Pinstripe Shirt, Back to School Teacher Outfit, Cute Teacher Gift Idea","$30","3","303","101","$3,030","1.8%","3","1 month","0.0","VN"
"Personalized Embroidered Wedding Guest Book: Love Birds & Heart Monogram Linen Album, Custom Wedding Keepsake","$41","4","87","73","$2,993","2.6%","22","29 days ago","0.0","VN"
"Sophie Cunningham Point Signature Basketball Shirt","$34","0","40","79","$2,686","1.1%","7","1 month","0.0","VN"
"Personalized Embroidered Lion Baby Blanket Name - Custom Name Knit Giraffe Safari Newborn Gift, Gift for Baby Boy, Welcome Baby Blanket","$25.43","10","710","102","$2,593.86","2.8%","19","1 month","0.0","VN"
"Arirang Tour Baseball Jersey, Personalized Kpop Concert Jersey, Custom Name Number Fan Shirt, Music Tour Outfit","$18.5","1","82","140","$2,590","4.4%","7","1 month","0.0","VN"
"Personalized Embroidered Baby Name Sign, Custom Duck Nursery Wall Decor, Baby Name Sign, Baby Shower Gift, Nursery Decor, Newborn Keepsake","$26.5","1","34","95","$2,517.5","5.2%","6","1 month","0.0","VN"
"Custom Bangtan Baseball Jersey Arirang, Kpop Army Fan Shirt 4 color,Bangtan World Tour 2026 Merch,V-Neck Kpop Jersey Gift,BT baseball jersey","$47.49","4","92","50","$2,374.43","1.4%","8","28 days ago","0.0","VN"
"Personalized Birthday Photo Cups, Custom Face Frosted Plastic Party Cups, Milestone Birthday Drinkware, Birthday Party Favors","$30","3","126","79","$2,370","4.1%","3","27 days ago","0.0","VN"
"Natural tree branch tall corner shelf handmade rustic driftwood shelves large floor bookshelf decor","$2,368","0","0","1","$2,368","1.3%","2","1 month","0.0","VN"
"Personalized Silk Sweetheart Table Runner, Ruffled Round Wedding Overlay, Custom Bride Groom Decor","$168","1","93","14","$2,352","0.8%","8","1 month","0.0","VN"
"Embroidered Spider Hero Comfort Color TShirt, Red Web Hero Tee, Black Comic Inspired Shirt With Sleeve Spider Design, Gift for Comic Fan","$58","1","111","40","$2,320","2.8%","16","1 month","0.0","VN"
"Personalized Goose Baby Name Sign, Custom Embroidered Nursery Name Hoop, Baby Shower Gift, Newborn Keepsake, Floral Baby Name Announcement","$26.5","10","594","85","$2,252.5","2.0%","6","1 month","0.0","VN"
"Personalized Embroidered Winnie The Pooh Baby Blanket, Custom Name Knit Disneyland Blankets, Baby Shower Gift, Welcome Baby Blanket","$24.6","2","242","89","$2,189.4","2.4%","3","1 month","0.0","VN"
"Personalized Embroidered Mrs Bridal Tank Top & Shorts Set, Engagement Gift Bachelorette Party, Bridal Lounge Set, Bridal Shower Gift","$21","1","106","95","$1,995","3.7%","47","1 month","0.0","VN"
"Personalized Embroidered Floral Baby Name Hoop, Baby Name Reveal Sign Heirloom, Baby Name Wall Decor, Baby Shower Gift, Newborn Keepsake","$26.5","3","550","73","$1,934.5","1.2%","6","1 month","0.0","VN"
"Custom Bestie Photo Fridge Magnet, Custom Best Friend Birthday Gift, BFF Gift, Friendship Gift, Gifts For Bestie, Soul Sister Gift","$22.2","3","95","85","$1,887","4.1%","13","1 month","0.0","VN"
"Handcrafted Godzilla & Submarine Resin Lamp - Epic Monster Decor","$120","0","25","15","$1,800","2.4%","3","1 month","0.0","VN"
"Embroidered Cartoon Mouse and Friends Halloween Shirt, Magical Land Creepy Vibes Tee, Family Halloween Trip Shirt, Mouse Boo Spooky Shirt","$29.95","1","37","59","$1,767.05","2.7%","10","1 month","0.0","VN"
"Custom Embroidered Wedding Guest Book, Personalized Swans Linen Photo Album, Polaroid Guestbook Notebook, Bridal Shower Gift","$41","5","292","42","$1,722","1.6%","21","1 month","0.0","VN"
"Sophie Cunningham & Caitlin Clark Shirt, Comfort Colors® Basketball Graphic Tee, Sport Fan Gift","$18.99","2","115","89","$1,690.11","2.4%","21","1 month","0.0","VN"
"Custom School Spirit Jersey, Custom Grade Teacher Jersey, Back to School Baseball Tee, Elementary Teacher Gift","$21.05","8","119","77","$1,620.85","2.1%","8","1 month","0.0","VN"
"Personalized Teacher Jersey, Custom Name Number Football Jersey, First Grade Teacher Shirt, Back To School Gift, Teacher Team Game Day Tee","$42.39","1","19","38","$1,610.82","1.6%","3","1 month","0.0","VN"
"Autumn Wedding Embroidered Converse Shoes, Custom Bride Sneakers, Hand Embroidered Leaf Floral Bridal High Tops, Personalized Fall Gift Shoe","$107.23","1","221","15","$1,608.49","0.7%","8","1 month","0.0","VN"
"Pennant Name Embroidered Keychain, Personalized Fabric Patch Key Ring, Custom Backpack Name Tag, Colorful Bag Charm, Small Gift","$24.98","12","346","63","$1,573.74","1.2%","7","25 days ago","0.0","VN"
"Personalized Book Tavern Lamp, Custom Bookshelf Ghost Light, Book Nook Decor","$25.97","1","158","58","$1,506.26","1.9%","11","27 days ago","0.0","VN"
"Personalized Couple Metal Sign, Custom Photo Anniversary Gift, Funny Marriage Gift, Rustic Wall Decor for Husband or Wife","$35.46","2","151","41","$1,454","2.9%","1","29 days ago","0.0","VN"
"Manacled Deluxe 3-Volume Hardcover Set with Illustrations – Exclusive Poster Gift Set Included 023Q","$241.27","0","0","6","$1,447.64","6.9%","0","1 month","0.0","VN"
"Personalized Wildflower Name Sign, 2 Layer Wood Nursery Decor, Floral Butterfly Baby Girl Wall Art, Newborn Gift, New Mom Dad, Baptism Gift","$32.82","3","695","44","$1,444.08","1.3%","3","1 month","0.0","VN"
"Personalized Back To School Ruffle Dress, First Day Of School Dress, Apple Pencil Outfit, Monogram Apple Kids Dress, Kids Birthday Outfit","$34.47","3","63","41","$1,413.17","3.2%","16","1 month","0.0","VN"
"Embroidered Star Hollow Sweatshirt, Where You Lead I Will Follow Shirt, Autumn Movie Series Crewneck, Autumn Festival Gift","$35.54","1","185","38","$1,350.52","1.3%","25","28 days ago","0.0","VN"
"Embroidered Custom Mascot Quarter Zip Sweatshirt, School Spirit Shirt, Personalized Gingham College Shirt, Back To School Tee, Game Day Gift","$54.63","1","213","24","$1,311.12","0.9%","30","1 month","0.0","VN"
"Custom Embroidered 6-Ring Binder Recipe Book, Hand Embroidered Recipe Binder Journal, Binder 6-Ring A5 Book With Linen Cover, Gift For Her","$76.21","0","0","17","$1,295.6","4.2%","8","1 month","0.0","VN"
"Arirang World Tour Baseball Jersey, Custom Kpop Concert Fan Shirt, Personalized Name Number Music Jersey","$18.5","1","38","70","$1,295","3.4%","12","27 days ago","0.0","VN"